  {
    "Identifiers": {
      "Capacity": [
        "pF",
        "pf",
        "пФ",
        "пф",
        "nF",
        "nf",
        "нФ",
        "нф",
        "uF",
        "uf",
        "мкФ",
        "мФ",
        "мкф",
        "мф",
        "пкФ"
      ],
      "Resistance": [
        "k",
        "K",
        "к",
        "К",
        "кОм",
        "ком",
        "КОм",
        "КОМ",
        "M",
        "m",
        "м",
        "М",
        "MOm",
        "МОм",
        "R",
        "r",
        "Ohm",
        "ohm",
        "Ом",
        "ом"
      ],
      "Inductance": [
        "H",
        "h",
        "Гн",
        "гн",
        "uH",
        "uh",
        "мкГн",
        "мкгн"
      ],
      "Voltage": [
        "V",
        "v",
        "В",
        "в",
        "вольт",
        "Вольт",
        "kV",
        "kv",
        "кВ",
        "кв"
      ],
      "Frequency": [
        "Mhz",
        "mhz",
        "MHz",
        "МГц",
        "Мгц",
        "мгц",
        "Гц",
        "гц",
        "Hz",
        "hz"
      ],
      "Tolerance": [
        "0\\.\\d+",
        "X5R",
        "\\d+\\s?%",
        "X7R",
        "NPO"
      ],
      "Body": [
        "0603",
        "1206",
        "0805",
        "1210",
        "1812",
        "SOD323",
        "sod323",
        "QFP10X10-G44/G20",
        "SO16",
        "SO8",
        "SO20",
        "SMA",
        "SOT23-G6",
        "TQFP-64",
        "TSQFP50P900X900-48L",
        "SOT23-G3",
        "CDRH4D18",
        "TSSOP30",
        "WSO-G8"
      ]
    },
    "Order": {
      "Capacity": {
        "1e-12": [
          "pF",
          "pf",
          "пФ",
          "пф",
          "пкФ"
        ],
        "1e-9": [
          "nF",
          "nf",
          "нФ",
          "нф"
        ],
        "1e-6": [
          "uF",
          "uf",
          "мкФ",
          "мФ",
          "мкф",
          "мф"
        ]
      },
      "Resistance": {
        "1e+0": [
          "R",
          "r",
          "Ohm",
          "ohm",
          "Ом",
          "ом"
        ],
        "1e+3": [
          "k",
          "K",
          "к",
          "К",
          "кОм",
          "ком",
          "КОм",
          "КОМ"
        ],
        "1e+6": [
          "M",
          "m",
          "MOhm",
          "МОм",
          "мОм"
        ]
      },
      "Inductance": {
        "1e-6": [
          "uH",
          "uh",
          "мкГн",
          "мкгн"
        ],
        "1": [
          "H",
          "h",
          "Гн",
          "гн"
        ]
      }
    },
    "Redable": {
      "Inductance": [
        1e-6,
        "uH"
      ],
      "Resistance": [
        1e+3,
        "kOm"
      ],
      "Capacity": [
        1e-9,
        "nF"
      ]
    }
  }